Ticket ID,Customer Message,Agent Response,Agent Name,Customer Name,Date,Product,Category,Resolution Time,Status,Customer Rating
T001,"I ordered a laptop 5 days ago and it still hasn't arrived. The tracking shows it's stuck in transit. This is unacceptable!","I sincerely apologize for the delay in your laptop delivery. I've checked your order and see it's currently in transit. Let me escalate this to our shipping partner immediately and ensure you receive it within 24 hours. I'll also apply a 15% discount to your order as compensation for the inconvenience.",Sarah Johnson,John Smith,2026-06-15,Laptop,Shipping,48,Resolved,4
T002,"Your mobile app keeps crashing every time I try to make a payment. I've tried reinstalling it but the problem persists.","Thank you for reporting this issue. I understand how frustrating this must be. Our technical team is aware of this payment processing bug in version 2.3.1 and is working on a fix. In the meantime, please try using our website for payments, or I can process your payment manually over the phone. We expect the app update to be released within 48 hours.",Michael Chen,Emily Davis,2026-06-16,Mobile App,Technical,72,In Progress,3
T003,"I was charged twice for my subscription this month. I need a refund immediately!","I apologize for this billing error. I've reviewed your account and confirmed the duplicate charge. I'm processing a full refund for the extra charge right now, and you should see it in your account within 3-5 business days. I've also added a $10 credit to your account for the inconvenience.",David Wilson,Robert Brown,2026-06-17,Subscription,Billing,24,Resolved,5
T004,"I love your product! The customer service has been amazing. Just wanted to say thank you for the quick response to my previous inquiry.","Thank you so much for your kind words! We're thrilled to hear you're enjoying our product and service. Your feedback means a lot to our team. If you ever need anything else, please don't hesitate to reach out. We're always here to help!",Lisa Anderson,Maria Garcia,2026-06-18,General,General Inquiry,12,Resolved,5
T005,"The quality of the shoes I received is terrible. They're falling apart after just one week of use. I want a full refund and I'm never buying from you again!","I'm truly sorry to hear about the quality issue with your shoes. This is definitely not the standard we aim for. I'd like to offer you a full refund and a replacement pair at no cost. We'll also cover the return shipping. Additionally, I'm escalating this to our quality control team to investigate. Would you be willing to give us another chance with a replacement?",Jennifer Martinez,William Jones,2026-06-19,Shoes,Product Quality,36,Resolved,2
T006,"Can you tell me what features are included in the premium plan?","Absolutely! Our Premium plan includes unlimited storage, priority customer support, advanced analytics dashboard, API access, team collaboration tools for up to 10 users, and monthly webinar access. The plan is $49/month or $470/year (saving you $118). Would you like me to help you upgrade?",Tom Harris,Linda Wilson,2026-06-20,Subscription,Product Inquiry,15,Resolved,5
T007,"I've been waiting for a response to my email for 3 days now. This is ridiculous! I need help with my account access issue urgently.","I sincerely apologize for the delayed response. That's not acceptable, and I understand your frustration. Let me help you right now with your account access issue. Can you please provide me with your registered email address? I'll reset your password immediately and ensure you can access your account within the next 30 minutes.",Sarah Johnson,James Taylor,2026-06-21,Account,Account Issue,2,Resolved,3
T008,"The delivery driver was rude and threw my package at the door. The item inside is damaged. I'm extremely disappointed.","I'm deeply sorry for this experience. This behavior is completely unacceptable. I'm immediately reporting this incident to our delivery partner and will ensure appropriate action is taken. For your damaged item, I'm processing a full refund and sending a replacement via express shipping at no cost. You'll receive it tomorrow. I'm also adding a $25 credit to your account.",Michael Chen,Patricia Martinez,2026-06-22,Delivery,Delivery,24,Resolved,2
T009,"I'm trying to cancel my subscription but can't find the option in my account settings. Can you help?","Of course! I can help you with that. To cancel your subscription, go to Account Settings > Billing > Manage Subscription > Cancel. However, before you go, may I ask if there's anything we could do to improve your experience? We'd love to keep you as a customer. If you're concerned about cost, I can offer you a 30% discount for the next 3 months.",David Wilson,Christopher Anderson,2026-06-23,Subscription,Cancellation,20,Resolved,4
T010,"Your website is down and I can't access my account. I have an important presentation in 2 hours and need my files!","I understand the urgency of your situation and I'm here to help immediately. Our technical team is aware of the website issue and is working to resolve it. In the meantime, I can email you the files you need directly. Please provide me with your registered email and the specific files you need, and I'll send them within 10 minutes.",Lisa Anderson,Barbara Thomas,2026-06-24,Website,Technical,1,Resolved,4
T011,"I received the wrong item. I ordered a blue shirt size M but got a red shirt size L.","I apologize for this shipping error. I'll arrange for the correct item (blue shirt size M) to be sent to you via express shipping today, and you'll receive it within 2 days. For the incorrect item, you can keep it or return it using the prepaid label I'll email you. I'm also applying a 20% discount to your order.",Jennifer Martinez,Daniel White,2026-06-25,Clothing,Shipping,48,Resolved,4
T012,"How do I reset my password? I forgot it and can't log in.","No problem! To reset your password, go to the login page and click 'Forgot Password'. Enter your registered email address, and you'll receive a password reset link within a few minutes. If you don't receive it, please check your spam folder. If you still have issues, I can send the reset link directly from here.",Tom Harris,Nancy Harris,2026-06-26,Account,Account Issue,10,Resolved,5
T013,"I'm very confused about how to use the new feature you just released. The instructions aren't clear.","I understand the new feature can be a bit confusing at first. I'd be happy to walk you through it step by step. Would you prefer a quick phone call, a video tutorial link, or detailed written instructions? We also have a live webinar tomorrow at 2 PM that covers all the new features. I can register you for that if you're interested.",Sarah Johnson,Steven Clark,2026-06-27,Product,Feature Request,30,Resolved,4
T014,"This is my third time contacting you about the same billing issue! Nobody seems to be able to fix it. I'm extremely frustrated!","I sincerely apologize that you've had to contact us multiple times about this issue. That's completely unacceptable. I'm going to personally take ownership of this problem and ensure it's resolved today. I've reviewed your previous interactions and I can see exactly what needs to be fixed. Give me 2 hours, and I'll call you back with a complete resolution. I'm also crediting your account $50 for the inconvenience.",Michael Chen,Karen Rodriguez,2026-06-28,Billing,Billing Issue,4,In Progress,1
T015,"The product works great but I wish it had a dark mode option. Any plans to add that?","Thank you for the feedback! We really appreciate suggestions from our users. Dark mode is actually on our development roadmap and we're planning to release it in our next major update, expected in about 6-8 weeks. I'll add your vote to this feature request and notify you as soon as it's available. Is there anything else you'd like to see improved?",David Wilson,Paul Lewis,2026-06-29,Product,Feature Request,15,Resolved,5
T016,"I need to update my payment method but the system won't let me. It keeps showing an error.","I apologize for the technical difficulty. This is a known issue we're working to fix. In the meantime, I can update your payment method manually. Please provide me with the new payment details via our secure payment portal link I'll send you, or we can do this over the phone if you prefer. Your account will be updated within 30 minutes.",Lisa Anderson,Mark Walker,2026-06-30,Payment,Payment Issue,45,Resolved,4
T017,"Excellent service! My issue was resolved quickly and the agent was very helpful and professional.","Thank you so much for the wonderful feedback! We're delighted to hear that we could help you quickly and professionally. Your satisfaction is our top priority. If you have a moment, we'd greatly appreciate if you could leave a review on our website. Thank you for being a valued customer!",Jennifer Martinez,Sandra Hall,2026-07-01,General,General Inquiry,10,Resolved,5
T018,"I want to upgrade to the enterprise plan. What's the process and pricing?","Great choice! Our Enterprise plan offers unlimited everything, dedicated account manager, 24/7 priority support, custom integrations, and advanced security features. Pricing starts at $299/month for up to 50 users. I can set up a call with our enterprise team to discuss your specific needs and provide a custom quote. When would be a good time for you?",Tom Harris,George Allen,2026-07-02,Subscription,Product Inquiry,25,In Progress,5
T019,"The item I received is defective. It doesn't work at all. I need a replacement or refund ASAP.","I'm very sorry to hear that the item you received is defective. That's definitely not the quality we stand for. I'm processing a full refund right now, and I'm also sending you a replacement via express shipping at no charge. You'll receive the replacement within 2 days. The refund will be in your account within 3-5 business days. I'm also adding a 25% discount code for your next purchase.",Sarah Johnson,Betty Young,2026-07-03,Product,Product Quality,36,Resolved,3
T020,"I'm having trouble connecting my device to your service. I've followed all the instructions but it's not working.","I understand how frustrating technical issues can be. Let's troubleshoot this together. First, can you tell me what error message you're seeing, if any? Also, have you tried restarting both your device and router? I'm here to walk you through each step until we get this working. If needed, I can also schedule a call with our technical specialist.",Michael Chen,Donald King,2026-07-04,Technical,Technical Issue,60,In Progress,3
